ALTER TABLE "forumquestions$address" RENAME TO "fac82328ac8d423d8ed88989bbaddd7b";
DROP INDEX "idx_forumquestions$address_organization_forumquestions$organization_forumquestions$address";
ALTER TABLE "forumquestions$address_organization" RENAME TO "fea85c4820ef4bbda1e18ce886d04ac7";
ALTER TABLE "forumquestions$document" RENAME TO "49bc6f5451754b37b432a544df6eb4a7";
ALTER TABLE "forumquestions$document_organization" DROP CONSTRAINT "uniq_forumquestions$document_organization_forumquestions$documentid";
DROP INDEX "idx_forumquestions$document_organization_forumquestions$organization_forumquestions$document";
ALTER TABLE "forumquestions$document_organization" RENAME TO "d2838b7421bd4a71b22d695b824c1578";
ALTER TABLE "forumquestions$organization" RENAME TO "7dcbb92b1fdc40fb9f963c01b8242b15";
ALTER TABLE "forumquestions$tire" RENAME TO "d096afec8c364d4eb1d78c1f18a54992";
DROP SEQUENCE "forumquestions$tire_attribute_mxseq";
ALTER TABLE "forumquestions$truck_tire01" DROP CONSTRAINT "uniq_forumquestions$truck_tire01_forumquestions$tireid";
ALTER TABLE "forumquestions$truck_tire01" DROP CONSTRAINT "uniq_forumquestions$truck_tire01_forumquestions$truckid";
DROP INDEX "idx_forumquestions$truck_tire01_forumquestions$truck_forumquestions$tire";
ALTER TABLE "forumquestions$truck_tire01" RENAME TO "307199801f6a42228b6b2510a73ad31a";
ALTER TABLE "forumquestions$truck_tire02" DROP CONSTRAINT "uniq_forumquestions$truck_tire02_forumquestions$tireid";
ALTER TABLE "forumquestions$truck_tire02" DROP CONSTRAINT "uniq_forumquestions$truck_tire02_forumquestions$truckid";
DROP INDEX "idx_forumquestions$truck_tire02_forumquestions$truck_forumquestions$tire";
ALTER TABLE "forumquestions$truck_tire02" RENAME TO "86e724d4105d4954a62e7ca5d1d32f18";
ALTER TABLE "forumquestions$truck" RENAME TO "171514bec8c44a939f7b87f9751dde8e";
ALTER TABLE "forumquestions$truck_tire18" DROP CONSTRAINT "uniq_forumquestions$truck_tire18_forumquestions$tireid";
ALTER TABLE "forumquestions$truck_tire18" DROP CONSTRAINT "uniq_forumquestions$truck_tire18_forumquestions$truckid";
DROP INDEX "idx_forumquestions$truck_tire18_forumquestions$tire_forumquestions$truck";
ALTER TABLE "forumquestions$truck_tire18" RENAME TO "c57e5701483345039ded0ad461049858";
ALTER TABLE "functionfiddler$formatdatetimeparam1" RENAME TO "0420ca1fd9d44478aade2abdbe891640";
ALTER TABLE "functionfiddler$formatdatetimeparam2" RENAME TO "a136ae3b0bf94afc96e5ad8a1482fc4a";
ALTER TABLE "functionfiddler$formatdatetimeresult" RENAME TO "dc5979d4b0224eb689c8b38a5382e3e6";
ALTER TABLE "functionfiddler$ismatchparam1" RENAME TO "68d3ffbb6e9e4bedb6b45f2f4de60f01";
ALTER TABLE "functionfiddler$ismatchparam2" RENAME TO "578d31368911478a8fad0d0289df1400";
ALTER TABLE "functionfiddler$ismatchresult" RENAME TO "f95f56aa334343aea43374e1ba7fa901";
ALTER TABLE "functionfiddler$parsedatetimeparam1" RENAME TO "d1acfcf3d1db4665af15cdf2701e883e";
ALTER TABLE "functionfiddler$parsedatetimeparam2" RENAME TO "90c1f197142f458da7bff81d8cd2fc84";
ALTER TABLE "functionfiddler$parsedatetimeresult" RENAME TO "6e0244d92cad4369a8dba7843e353a6e";
ALTER TABLE "functionfiddler$parseintegerparam1" RENAME TO "c5810ef08311499896b29c5359dc2066";
ALTER TABLE "functionfiddler$parseintegerresult" RENAME TO "2a2e82105f6c411f9a7fde8698b0114b";
ALTER TABLE "functionfiddler$substringparam1" RENAME TO "1e2818f7c5d24333ae59766b7fa14ecc";
ALTER TABLE "functionfiddler$substringparam2" RENAME TO "aeadf91c39364362878f8914cb076794";
ALTER TABLE "functionfiddler$substringparam3" RENAME TO "a19eabfbc5b04094be5537c796ba0ea0";
ALTER TABLE "functionfiddler$substringresult" RENAME TO "ded7496eaed4483383e7cd820717a361";
ALTER TABLE "reactwidget$thing" RENAME TO "ab22f2b5ac3f41799964166e1664d1e5";
ALTER TABLE "speechfunctions$speech" RENAME TO "00854fe83fa745119ed07d970022af9f";
DELETE FROM "mendixsystem$entity" 
 WHERE "id" = '576851d2-b923-4a49-b189-0421be7610b5';
DELETE FROM "mendixsystem$entityidentifier" 
 WHERE "id" = '576851d2-b923-4a49-b189-0421be7610b5';
DELETE FROM "mendixsystem$sequence" 
 WHERE "attribute_id" IN (SELECT "id"
 FROM "mendixsystem$attribute"
 WHERE "entity_id" = '576851d2-b923-4a49-b189-0421be7610b5');
DELETE FROM "mendixsystem$attribute" 
 WHERE "entity_id" = '576851d2-b923-4a49-b189-0421be7610b5';
DELETE FROM "mendixsystem$association" 
 WHERE "id" = '11d75dba-c14c-469f-8749-c32c57e0f277';
DELETE FROM "mendixsystem$entity" 
 WHERE "id" = '9aab952a-faa5-490e-ab81-84d7c6b22a5b';
DELETE FROM "mendixsystem$entityidentifier" 
 WHERE "id" = '9aab952a-faa5-490e-ab81-84d7c6b22a5b';
DELETE FROM "mendixsystem$sequence" 
 WHERE "attribute_id" IN (SELECT "id"
 FROM "mendixsystem$attribute"
 WHERE "entity_id" = '9aab952a-faa5-490e-ab81-84d7c6b22a5b');
DELETE FROM "mendixsystem$attribute" 
 WHERE "entity_id" = '9aab952a-faa5-490e-ab81-84d7c6b22a5b';
DELETE FROM "mendixsystem$association" 
 WHERE "id" = '6c77c35a-8d09-4585-b44a-c870f74c5a6a';
DELETE FROM "mendixsystem$unique_constraint" 
 WHERE "name" = 'uniq_forumquestions$document_organization_forumquestions$documentid';
DELETE FROM "mendixsystem$entity" 
 WHERE "id" = '83850245-7668-445d-9a95-451ce9f6c499';
DELETE FROM "mendixsystem$entityidentifier" 
 WHERE "id" = '83850245-7668-445d-9a95-451ce9f6c499';
DELETE FROM "mendixsystem$sequence" 
 WHERE "attribute_id" IN (SELECT "id"
 FROM "mendixsystem$attribute"
 WHERE "entity_id" = '83850245-7668-445d-9a95-451ce9f6c499');
DELETE FROM "mendixsystem$attribute" 
 WHERE "entity_id" = '83850245-7668-445d-9a95-451ce9f6c499';
DELETE FROM "mendixsystem$entity" 
 WHERE "id" = 'b2a15c19-0bc7-4860-8435-7ebc426e7807';
DELETE FROM "mendixsystem$entityidentifier" 
 WHERE "id" = 'b2a15c19-0bc7-4860-8435-7ebc426e7807';
DELETE FROM "mendixsystem$sequence" 
 WHERE "attribute_id" IN (SELECT "id"
 FROM "mendixsystem$attribute"
 WHERE "entity_id" = 'b2a15c19-0bc7-4860-8435-7ebc426e7807');
DELETE FROM "mendixsystem$attribute" 
 WHERE "entity_id" = 'b2a15c19-0bc7-4860-8435-7ebc426e7807';
DELETE FROM "mendixsystem$association" 
 WHERE "id" = '13528589-18c0-4f14-a7fc-98a2a4614695';
DELETE FROM "mendixsystem$unique_constraint" 
 WHERE "name" = 'uniq_forumquestions$truck_tire01_forumquestions$tireid';
DELETE FROM "mendixsystem$unique_constraint" 
 WHERE "name" = 'uniq_forumquestions$truck_tire01_forumquestions$truckid';
DELETE FROM "mendixsystem$association" 
 WHERE "id" = '9832fdfe-b66a-45bb-870c-89de2b3c0ff2';
DELETE FROM "mendixsystem$unique_constraint" 
 WHERE "name" = 'uniq_forumquestions$truck_tire02_forumquestions$tireid';
DELETE FROM "mendixsystem$unique_constraint" 
 WHERE "name" = 'uniq_forumquestions$truck_tire02_forumquestions$truckid';
DELETE FROM "mendixsystem$entity" 
 WHERE "id" = '35998203-7fa5-477c-973e-0604264315e6';
DELETE FROM "mendixsystem$entityidentifier" 
 WHERE "id" = '35998203-7fa5-477c-973e-0604264315e6';
DELETE FROM "mendixsystem$sequence" 
 WHERE "attribute_id" IN (SELECT "id"
 FROM "mendixsystem$attribute"
 WHERE "entity_id" = '35998203-7fa5-477c-973e-0604264315e6');
DELETE FROM "mendixsystem$attribute" 
 WHERE "entity_id" = '35998203-7fa5-477c-973e-0604264315e6';
DELETE FROM "mendixsystem$association" 
 WHERE "id" = '34089b3c-5f08-4367-a107-954bf6c9d099';
DELETE FROM "mendixsystem$unique_constraint" 
 WHERE "name" = 'uniq_forumquestions$truck_tire18_forumquestions$tireid';
DELETE FROM "mendixsystem$unique_constraint" 
 WHERE "name" = 'uniq_forumquestions$truck_tire18_forumquestions$truckid';
DELETE FROM "mendixsystem$entity" 
 WHERE "id" = '2c97239e-e520-4782-b389-4c84a2bda48e';
DELETE FROM "mendixsystem$entityidentifier" 
 WHERE "id" = '2c97239e-e520-4782-b389-4c84a2bda48e';
DELETE FROM "mendixsystem$sequence" 
 WHERE "attribute_id" IN (SELECT "id"
 FROM "mendixsystem$attribute"
 WHERE "entity_id" = '2c97239e-e520-4782-b389-4c84a2bda48e');
DELETE FROM "mendixsystem$attribute" 
 WHERE "entity_id" = '2c97239e-e520-4782-b389-4c84a2bda48e';
DELETE FROM "mendixsystem$entity" 
 WHERE "id" = '344499ad-13da-422a-bad7-86f902c9c93e';
DELETE FROM "mendixsystem$entityidentifier" 
 WHERE "id" = '344499ad-13da-422a-bad7-86f902c9c93e';
DELETE FROM "mendixsystem$sequence" 
 WHERE "attribute_id" IN (SELECT "id"
 FROM "mendixsystem$attribute"
 WHERE "entity_id" = '344499ad-13da-422a-bad7-86f902c9c93e');
DELETE FROM "mendixsystem$attribute" 
 WHERE "entity_id" = '344499ad-13da-422a-bad7-86f902c9c93e';
DELETE FROM "mendixsystem$entity" 
 WHERE "id" = '4cbd9ab5-52bd-4a8f-a4f0-8e0a3929df32';
DELETE FROM "mendixsystem$entityidentifier" 
 WHERE "id" = '4cbd9ab5-52bd-4a8f-a4f0-8e0a3929df32';
DELETE FROM "mendixsystem$sequence" 
 WHERE "attribute_id" IN (SELECT "id"
 FROM "mendixsystem$attribute"
 WHERE "entity_id" = '4cbd9ab5-52bd-4a8f-a4f0-8e0a3929df32');
DELETE FROM "mendixsystem$attribute" 
 WHERE "entity_id" = '4cbd9ab5-52bd-4a8f-a4f0-8e0a3929df32';
DELETE FROM "mendixsystem$entity" 
 WHERE "id" = 'ffdbd717-8de9-4f6f-882a-0bf6ea076a3b';
DELETE FROM "mendixsystem$entityidentifier" 
 WHERE "id" = 'ffdbd717-8de9-4f6f-882a-0bf6ea076a3b';
DELETE FROM "mendixsystem$sequence" 
 WHERE "attribute_id" IN (SELECT "id"
 FROM "mendixsystem$attribute"
 WHERE "entity_id" = 'ffdbd717-8de9-4f6f-882a-0bf6ea076a3b');
DELETE FROM "mendixsystem$attribute" 
 WHERE "entity_id" = 'ffdbd717-8de9-4f6f-882a-0bf6ea076a3b';
DELETE FROM "mendixsystem$entity" 
 WHERE "id" = '500c55d2-7c50-4ba5-9df7-0148cd0db192';
DELETE FROM "mendixsystem$entityidentifier" 
 WHERE "id" = '500c55d2-7c50-4ba5-9df7-0148cd0db192';
DELETE FROM "mendixsystem$sequence" 
 WHERE "attribute_id" IN (SELECT "id"
 FROM "mendixsystem$attribute"
 WHERE "entity_id" = '500c55d2-7c50-4ba5-9df7-0148cd0db192');
DELETE FROM "mendixsystem$attribute" 
 WHERE "entity_id" = '500c55d2-7c50-4ba5-9df7-0148cd0db192';
DELETE FROM "mendixsystem$entity" 
 WHERE "id" = '6d2e9dc5-cdee-4196-8239-8df964b06917';
DELETE FROM "mendixsystem$entityidentifier" 
 WHERE "id" = '6d2e9dc5-cdee-4196-8239-8df964b06917';
DELETE FROM "mendixsystem$sequence" 
 WHERE "attribute_id" IN (SELECT "id"
 FROM "mendixsystem$attribute"
 WHERE "entity_id" = '6d2e9dc5-cdee-4196-8239-8df964b06917');
DELETE FROM "mendixsystem$attribute" 
 WHERE "entity_id" = '6d2e9dc5-cdee-4196-8239-8df964b06917';
DELETE FROM "mendixsystem$entity" 
 WHERE "id" = 'accede61-e426-4ca9-92e0-dd0e24ef40ff';
DELETE FROM "mendixsystem$entityidentifier" 
 WHERE "id" = 'accede61-e426-4ca9-92e0-dd0e24ef40ff';
DELETE FROM "mendixsystem$sequence" 
 WHERE "attribute_id" IN (SELECT "id"
 FROM "mendixsystem$attribute"
 WHERE "entity_id" = 'accede61-e426-4ca9-92e0-dd0e24ef40ff');
DELETE FROM "mendixsystem$attribute" 
 WHERE "entity_id" = 'accede61-e426-4ca9-92e0-dd0e24ef40ff';
DELETE FROM "mendixsystem$entity" 
 WHERE "id" = 'c7138a49-bf66-4b03-b060-c3bd22ad3bd1';
DELETE FROM "mendixsystem$entityidentifier" 
 WHERE "id" = 'c7138a49-bf66-4b03-b060-c3bd22ad3bd1';
DELETE FROM "mendixsystem$sequence" 
 WHERE "attribute_id" IN (SELECT "id"
 FROM "mendixsystem$attribute"
 WHERE "entity_id" = 'c7138a49-bf66-4b03-b060-c3bd22ad3bd1');
DELETE FROM "mendixsystem$attribute" 
 WHERE "entity_id" = 'c7138a49-bf66-4b03-b060-c3bd22ad3bd1';
DELETE FROM "mendixsystem$entity" 
 WHERE "id" = '7e95d637-75ea-4f01-bf20-a7db543f3a02';
DELETE FROM "mendixsystem$entityidentifier" 
 WHERE "id" = '7e95d637-75ea-4f01-bf20-a7db543f3a02';
DELETE FROM "mendixsystem$sequence" 
 WHERE "attribute_id" IN (SELECT "id"
 FROM "mendixsystem$attribute"
 WHERE "entity_id" = '7e95d637-75ea-4f01-bf20-a7db543f3a02');
DELETE FROM "mendixsystem$attribute" 
 WHERE "entity_id" = '7e95d637-75ea-4f01-bf20-a7db543f3a02';
DELETE FROM "mendixsystem$entity" 
 WHERE "id" = '34625bdc-ec83-4ee7-bd5f-0f55c8cbfe3d';
DELETE FROM "mendixsystem$entityidentifier" 
 WHERE "id" = '34625bdc-ec83-4ee7-bd5f-0f55c8cbfe3d';
DELETE FROM "mendixsystem$sequence" 
 WHERE "attribute_id" IN (SELECT "id"
 FROM "mendixsystem$attribute"
 WHERE "entity_id" = '34625bdc-ec83-4ee7-bd5f-0f55c8cbfe3d');
DELETE FROM "mendixsystem$attribute" 
 WHERE "entity_id" = '34625bdc-ec83-4ee7-bd5f-0f55c8cbfe3d';
DELETE FROM "mendixsystem$entity" 
 WHERE "id" = '7aa83a8a-9bc7-444c-9db7-856325021201';
DELETE FROM "mendixsystem$entityidentifier" 
 WHERE "id" = '7aa83a8a-9bc7-444c-9db7-856325021201';
DELETE FROM "mendixsystem$sequence" 
 WHERE "attribute_id" IN (SELECT "id"
 FROM "mendixsystem$attribute"
 WHERE "entity_id" = '7aa83a8a-9bc7-444c-9db7-856325021201');
DELETE FROM "mendixsystem$attribute" 
 WHERE "entity_id" = '7aa83a8a-9bc7-444c-9db7-856325021201';
DELETE FROM "mendixsystem$entity" 
 WHERE "id" = '146c81e4-5b9a-4f2a-9baa-8defab4cd215';
DELETE FROM "mendixsystem$entityidentifier" 
 WHERE "id" = '146c81e4-5b9a-4f2a-9baa-8defab4cd215';
DELETE FROM "mendixsystem$sequence" 
 WHERE "attribute_id" IN (SELECT "id"
 FROM "mendixsystem$attribute"
 WHERE "entity_id" = '146c81e4-5b9a-4f2a-9baa-8defab4cd215');
DELETE FROM "mendixsystem$attribute" 
 WHERE "entity_id" = '146c81e4-5b9a-4f2a-9baa-8defab4cd215';
DELETE FROM "mendixsystem$entity" 
 WHERE "id" = 'a9d0fb11-4098-4883-99e4-a9f1a145c327';
DELETE FROM "mendixsystem$entityidentifier" 
 WHERE "id" = 'a9d0fb11-4098-4883-99e4-a9f1a145c327';
DELETE FROM "mendixsystem$sequence" 
 WHERE "attribute_id" IN (SELECT "id"
 FROM "mendixsystem$attribute"
 WHERE "entity_id" = 'a9d0fb11-4098-4883-99e4-a9f1a145c327');
DELETE FROM "mendixsystem$attribute" 
 WHERE "entity_id" = 'a9d0fb11-4098-4883-99e4-a9f1a145c327';
DELETE FROM "mendixsystem$entity" 
 WHERE "id" = '9e8e494a-ebe4-477a-b4b4-7d8cdfb17211';
DELETE FROM "mendixsystem$entityidentifier" 
 WHERE "id" = '9e8e494a-ebe4-477a-b4b4-7d8cdfb17211';
DELETE FROM "mendixsystem$sequence" 
 WHERE "attribute_id" IN (SELECT "id"
 FROM "mendixsystem$attribute"
 WHERE "entity_id" = '9e8e494a-ebe4-477a-b4b4-7d8cdfb17211');
DELETE FROM "mendixsystem$attribute" 
 WHERE "entity_id" = '9e8e494a-ebe4-477a-b4b4-7d8cdfb17211';
DELETE FROM "mendixsystem$entity" 
 WHERE "id" = '5df9f194-4c43-4e87-bebe-1717b59b29ad';
DELETE FROM "mendixsystem$entityidentifier" 
 WHERE "id" = '5df9f194-4c43-4e87-bebe-1717b59b29ad';
DELETE FROM "mendixsystem$sequence" 
 WHERE "attribute_id" IN (SELECT "id"
 FROM "mendixsystem$attribute"
 WHERE "entity_id" = '5df9f194-4c43-4e87-bebe-1717b59b29ad');
DELETE FROM "mendixsystem$attribute" 
 WHERE "entity_id" = '5df9f194-4c43-4e87-bebe-1717b59b29ad';
DELETE FROM "mendixsystem$entity" 
 WHERE "id" = '65a27cbe-e858-4ba8-88ca-261677b65d20';
DELETE FROM "mendixsystem$entityidentifier" 
 WHERE "id" = '65a27cbe-e858-4ba8-88ca-261677b65d20';
DELETE FROM "mendixsystem$sequence" 
 WHERE "attribute_id" IN (SELECT "id"
 FROM "mendixsystem$attribute"
 WHERE "entity_id" = '65a27cbe-e858-4ba8-88ca-261677b65d20');
DELETE FROM "mendixsystem$attribute" 
 WHERE "entity_id" = '65a27cbe-e858-4ba8-88ca-261677b65d20';
DELETE FROM "mendixsystem$entity" 
 WHERE "id" = '6f6a5fa7-9e37-45f6-90d4-2cd52ccce3fe';
DELETE FROM "mendixsystem$entityidentifier" 
 WHERE "id" = '6f6a5fa7-9e37-45f6-90d4-2cd52ccce3fe';
DELETE FROM "mendixsystem$sequence" 
 WHERE "attribute_id" IN (SELECT "id"
 FROM "mendixsystem$attribute"
 WHERE "entity_id" = '6f6a5fa7-9e37-45f6-90d4-2cd52ccce3fe');
DELETE FROM "mendixsystem$attribute" 
 WHERE "entity_id" = '6f6a5fa7-9e37-45f6-90d4-2cd52ccce3fe';
CREATE TABLE "forumquestions$document" (
	"id" BIGINT NOT NULL,
	PRIMARY KEY("id"));
INSERT INTO "mendixsystem$entity" ("id", 
"entity_name", 
"table_name", 
"superentity_id")
 VALUES ('61901140-48fe-4b70-9fd1-73b86abf2fd6', 
'ForumQuestions.Document', 
'forumquestions$document', 
'170ce49d-f29c-4fac-99a6-b55e8a3aeb39');
CREATE TABLE "forumquestions$document_organization" (
	"forumquestions$documentid" BIGINT NOT NULL,
	"forumquestions$organizationid" BIGINT NOT NULL,
	PRIMARY KEY("forumquestions$documentid","forumquestions$organizationid"),
	CONSTRAINT "uniq_forumquestions$document_organization_forumquestions$documentid" UNIQUE ("forumquestions$documentid"));
CREATE INDEX "idx_forumquestions$document_organization_forumquestions$organization_forumquestions$document" ON "forumquestions$document_organization" ("forumquestions$organizationid" ASC,"forumquestions$documentid" ASC);
INSERT INTO "mendixsystem$association" ("id", 
"association_name", 
"table_name", 
"parent_entity_id", 
"child_entity_id", 
"parent_column_name", 
"child_column_name", 
"index_name")
 VALUES ('c9c134ce-ef2f-4577-9114-5ab8735b141f', 
'ForumQuestions.Document_Organization', 
'forumquestions$document_organization', 
'61901140-48fe-4b70-9fd1-73b86abf2fd6', 
'457245e0-45a9-4f84-868c-dee5130c4b19', 
'forumquestions$documentid', 
'forumquestions$organizationid', 
'idx_forumquestions$document_organization_forumquestions$organization_forumquestions$document');
INSERT INTO "mendixsystem$unique_constraint" ("name", 
"table_id", 
"column_id")
 VALUES ('uniq_forumquestions$document_organization_forumquestions$documentid', 
'c9c134ce-ef2f-4577-9114-5ab8735b141f', 
'a9c77781-9cf2-31b2-bf09-a285fbda683a');
CREATE TABLE "functionfiddler$formatdatetimeresult" (
	"id" BIGINT NOT NULL,
	"error" BOOLEAN NULL,
	"formatstring" VARCHAR_IGNORECASE(200) NULL,
	"resultstring" VARCHAR_IGNORECASE(200) NULL,
	"errormessage" VARCHAR_IGNORECASE(200) NULL,
	"datetime" TIMESTAMP NULL,
	PRIMARY KEY("id"));
INSERT INTO "mendixsystem$entity" ("id", 
"entity_name", 
"table_name")
 VALUES ('f686c265-ca08-4867-ab40-f4121359de6f', 
'FunctionFiddler.FormatDateTimeResult', 
'functionfiddler$formatdatetimeresult');
INSERT INTO "mendixsystem$attribute" ("id", 
"entity_id", 
"attribute_name", 
"column_name", 
"type", 
"length", 
"default_value", 
"is_auto_number")
 VALUES ('a629d904-8ebf-4a96-a961-39c3aa34e038', 
'f686c265-ca08-4867-ab40-f4121359de6f', 
'Error', 
'error', 
10, 
0, 
'false', 
false);
INSERT INTO "mendixsystem$attribute" ("id", 
"entity_id", 
"attribute_name", 
"column_name", 
"type", 
"length", 
"default_value", 
"is_auto_number")
 VALUES ('fd94bc67-e88b-4a7c-ac18-2cf497f26de1', 
'f686c265-ca08-4867-ab40-f4121359de6f', 
'FormatString', 
'formatstring', 
30, 
200, 
'', 
false);
INSERT INTO "mendixsystem$attribute" ("id", 
"entity_id", 
"attribute_name", 
"column_name", 
"type", 
"length", 
"default_value", 
"is_auto_number")
 VALUES ('0179a84e-6350-455e-bd20-6f5818627731', 
'f686c265-ca08-4867-ab40-f4121359de6f', 
'ResultString', 
'resultstring', 
30, 
200, 
'', 
false);
INSERT INTO "mendixsystem$attribute" ("id", 
"entity_id", 
"attribute_name", 
"column_name", 
"type", 
"length", 
"default_value", 
"is_auto_number")
 VALUES ('7bd46f13-c5e3-4b58-98cb-1140df51ae14', 
'f686c265-ca08-4867-ab40-f4121359de6f', 
'ErrorMessage', 
'errormessage', 
30, 
200, 
'', 
false);
INSERT INTO "mendixsystem$attribute" ("id", 
"entity_id", 
"attribute_name", 
"column_name", 
"type", 
"length", 
"default_value", 
"is_auto_number")
 VALUES ('e097ff77-1685-4019-ace7-2b89854038ba', 
'f686c265-ca08-4867-ab40-f4121359de6f', 
'DateTime', 
'datetime', 
20, 
0, 
'', 
false);
CREATE TABLE "functionfiddler$ismatchparam2" (
	"id" BIGINT NOT NULL,
	"regex" VARCHAR_IGNORECASE(200) NULL,
	PRIMARY KEY("id"));
INSERT INTO "mendixsystem$entity" ("id", 
"entity_name", 
"table_name")
 VALUES ('fd1bbf14-62ed-4b0e-a457-c16e344c3349', 
'FunctionFiddler.IsMatchParam2', 
'functionfiddler$ismatchparam2');
INSERT INTO "mendixsystem$attribute" ("id", 
"entity_id", 
"attribute_name", 
"column_name", 
"type", 
"length", 
"default_value", 
"is_auto_number")
 VALUES ('087a88cd-9da9-4655-abc2-b8446f5cedae', 
'fd1bbf14-62ed-4b0e-a457-c16e344c3349', 
'Regex', 
'regex', 
30, 
200, 
'', 
false);
CREATE TABLE "forumquestions$truck" (
	"id" BIGINT NOT NULL,
	"name" VARCHAR_IGNORECASE(200) NULL,
	PRIMARY KEY("id"));
INSERT INTO "mendixsystem$entity" ("id", 
"entity_name", 
"table_name")
 VALUES ('228ce25f-c2b8-4214-97ec-72faebf97f33', 
'ForumQuestions.Truck', 
'forumquestions$truck');
INSERT INTO "mendixsystem$attribute" ("id", 
"entity_id", 
"attribute_name", 
"column_name", 
"type", 
"length", 
"default_value", 
"is_auto_number")
 VALUES ('c228e075-05b9-4795-bd2a-067a138c4be5', 
'228ce25f-c2b8-4214-97ec-72faebf97f33', 
'Name', 
'name', 
30, 
200, 
'', 
false);
CREATE TABLE "forumquestions$truck_tire18" (
	"forumquestions$truckid" BIGINT NOT NULL,
	"forumquestions$tireid" BIGINT NOT NULL,
	PRIMARY KEY("forumquestions$truckid","forumquestions$tireid"),
	CONSTRAINT "uniq_forumquestions$truck_tire18_forumquestions$tireid" UNIQUE ("forumquestions$tireid"),
	CONSTRAINT "uniq_forumquestions$truck_tire18_forumquestions$truckid" UNIQUE ("forumquestions$truckid"));
CREATE INDEX "idx_forumquestions$truck_tire18_forumquestions$tire_forumquestions$truck" ON "forumquestions$truck_tire18" ("forumquestions$tireid" ASC,"forumquestions$truckid" ASC);
INSERT INTO "mendixsystem$association" ("id", 
"association_name", 
"table_name", 
"parent_entity_id", 
"child_entity_id", 
"parent_column_name", 
"child_column_name", 
"index_name")
 VALUES ('d43b76e1-7036-4b8d-b633-1f461442bf96', 
'ForumQuestions.Truck_Tire18', 
'forumquestions$truck_tire18', 
'228ce25f-c2b8-4214-97ec-72faebf97f33', 
'd10dbc32-c1a5-4beb-9f1d-cbc907943c9c', 
'forumquestions$truckid', 
'forumquestions$tireid', 
'idx_forumquestions$truck_tire18_forumquestions$tire_forumquestions$truck');
INSERT INTO "mendixsystem$unique_constraint" ("name", 
"table_id", 
"column_id")
 VALUES ('uniq_forumquestions$truck_tire18_forumquestions$tireid', 
'd43b76e1-7036-4b8d-b633-1f461442bf96', 
'dc3679e9-c2d3-33b0-8900-7f46065c467a');
INSERT INTO "mendixsystem$unique_constraint" ("name", 
"table_id", 
"column_id")
 VALUES ('uniq_forumquestions$truck_tire18_forumquestions$truckid', 
'd43b76e1-7036-4b8d-b633-1f461442bf96', 
'4ff5c61c-a890-35b6-8802-4222d7db94a8');
CREATE TABLE "functionfiddler$ismatchresult" (
	"id" BIGINT NOT NULL,
	"param2regex" VARCHAR_IGNORECASE(200) NULL,
	"error" BOOLEAN NULL,
	"param1stringtocheck" VARCHAR_IGNORECASE(200) NULL,
	"errormessage" VARCHAR_IGNORECASE(200) NULL,
	"result" BOOLEAN NULL,
	PRIMARY KEY("id"));
INSERT INTO "mendixsystem$entity" ("id", 
"entity_name", 
"table_name")
 VALUES ('7bcc83ee-e06c-457a-8c1d-5578f027de7d', 
'FunctionFiddler.IsMatchResult', 
'functionfiddler$ismatchresult');
INSERT INTO "mendixsystem$attribute" ("id", 
"entity_id", 
"attribute_name", 
"column_name", 
"type", 
"length", 
"default_value", 
"is_auto_number")
 VALUES ('dcc573e6-875b-4920-8136-dbfe8d9e03a1', 
'7bcc83ee-e06c-457a-8c1d-5578f027de7d', 
'param2Regex', 
'param2regex', 
30, 
200, 
'', 
false);
INSERT INTO "mendixsystem$attribute" ("id", 
"entity_id", 
"attribute_name", 
"column_name", 
"type", 
"length", 
"default_value", 
"is_auto_number")
 VALUES ('6ca9fc54-ab7d-4388-9dd3-717c81364dde', 
'7bcc83ee-e06c-457a-8c1d-5578f027de7d', 
'Error', 
'error', 
10, 
0, 
'false', 
false);
INSERT INTO "mendixsystem$attribute" ("id", 
"entity_id", 
"attribute_name", 
"column_name", 
"type", 
"length", 
"default_value", 
"is_auto_number")
 VALUES ('bdb8df9a-18ea-4a13-8679-13baa815d065', 
'7bcc83ee-e06c-457a-8c1d-5578f027de7d', 
'param1StringToCheck', 
'param1stringtocheck', 
30, 
200, 
'', 
false);
INSERT INTO "mendixsystem$attribute" ("id", 
"entity_id", 
"attribute_name", 
"column_name", 
"type", 
"length", 
"default_value", 
"is_auto_number")
 VALUES ('beed9f84-9cb6-4acc-9669-2edfd911ac6b', 
'7bcc83ee-e06c-457a-8c1d-5578f027de7d', 
'ErrorMessage', 
'errormessage', 
30, 
200, 
'', 
false);
INSERT INTO "mendixsystem$attribute" ("id", 
"entity_id", 
"attribute_name", 
"column_name", 
"type", 
"length", 
"default_value", 
"is_auto_number")
 VALUES ('aa350044-9cf7-4996-a6db-aa78e66f36f6', 
'7bcc83ee-e06c-457a-8c1d-5578f027de7d', 
'Result', 
'result', 
10, 
0, 
'false', 
false);
CREATE TABLE "functionfiddler$ismatchparam1" (
	"id" BIGINT NOT NULL,
	"stringtocheck" VARCHAR_IGNORECASE(200) NULL,
	PRIMARY KEY("id"));
INSERT INTO "mendixsystem$entity" ("id", 
"entity_name", 
"table_name")
 VALUES ('8595e17c-a722-4ef2-be41-3a026d7b567c', 
'FunctionFiddler.IsMatchParam1', 
'functionfiddler$ismatchparam1');
INSERT INTO "mendixsystem$attribute" ("id", 
"entity_id", 
"attribute_name", 
"column_name", 
"type", 
"length", 
"default_value", 
"is_auto_number")
 VALUES ('26b2044c-6ce9-4a33-9e2b-7f72dfc8601f', 
'8595e17c-a722-4ef2-be41-3a026d7b567c', 
'StringToCheck', 
'stringtocheck', 
30, 
200, 
'', 
false);
CREATE TABLE "functionfiddler$parsedatetimeresult" (
	"id" BIGINT NOT NULL,
	"expectformat" VARCHAR_IGNORECASE(200) NULL,
	"error" BOOLEAN NULL,
	"errormessage" VARCHAR_IGNORECASE(200) NULL,
	"datetimestring" VARCHAR_IGNORECASE(200) NULL,
	"result" TIMESTAMP NULL,
	PRIMARY KEY("id"));
INSERT INTO "mendixsystem$entity" ("id", 
"entity_name", 
"table_name")
 VALUES ('9ac6c561-e0dc-45c9-bc80-0574ebacd418', 
'FunctionFiddler.ParseDateTimeResult', 
'functionfiddler$parsedatetimeresult');
INSERT INTO "mendixsystem$attribute" ("id", 
"entity_id", 
"attribute_name", 
"column_name", 
"type", 
"length", 
"default_value", 
"is_auto_number")
 VALUES ('b1c10434-fc0f-4d3d-a1e0-edf2fe9c297f', 
'9ac6c561-e0dc-45c9-bc80-0574ebacd418', 
'ExpectFormat', 
'expectformat', 
30, 
200, 
'', 
false);
INSERT INTO "mendixsystem$attribute" ("id", 
"entity_id", 
"attribute_name", 
"column_name", 
"type", 
"length", 
"default_value", 
"is_auto_number")
 VALUES ('2913f113-b302-42eb-92ca-70e56e2cf22d', 
'9ac6c561-e0dc-45c9-bc80-0574ebacd418', 
'Error', 
'error', 
10, 
0, 
'false', 
false);
INSERT INTO "mendixsystem$attribute" ("id", 
"entity_id", 
"attribute_name", 
"column_name", 
"type", 
"length", 
"default_value", 
"is_auto_number")
 VALUES ('42d45458-2475-4223-8fd7-5168445d16cf', 
'9ac6c561-e0dc-45c9-bc80-0574ebacd418', 
'ErrorMessage', 
'errormessage', 
30, 
200, 
'', 
false);
INSERT INTO "mendixsystem$attribute" ("id", 
"entity_id", 
"attribute_name", 
"column_name", 
"type", 
"length", 
"default_value", 
"is_auto_number")
 VALUES ('3551cb76-17ee-47c9-bd25-1a059ba75d9c', 
'9ac6c561-e0dc-45c9-bc80-0574ebacd418', 
'DateTimeString', 
'datetimestring', 
30, 
200, 
'', 
false);
INSERT INTO "mendixsystem$attribute" ("id", 
"entity_id", 
"attribute_name", 
"column_name", 
"type", 
"length", 
"default_value", 
"is_auto_number")
 VALUES ('cfb10ff6-65fc-4dec-863c-af0f10af18fc', 
'9ac6c561-e0dc-45c9-bc80-0574ebacd418', 
'Result', 
'result', 
20, 
0, 
'', 
false);
CREATE TABLE "forumquestions$organization" (
	"id" BIGINT NOT NULL,
	"name" VARCHAR_IGNORECASE(200) NULL,
	PRIMARY KEY("id"));
INSERT INTO "mendixsystem$entity" ("id", 
"entity_name", 
"table_name")
 VALUES ('457245e0-45a9-4f84-868c-dee5130c4b19', 
'ForumQuestions.Organization', 
'forumquestions$organization');
INSERT INTO "mendixsystem$attribute" ("id", 
"entity_id", 
"attribute_name", 
"column_name", 
"type", 
"length", 
"default_value", 
"is_auto_number")
 VALUES ('667ff466-d5a7-4313-a93c-2bd56db45e57', 
'457245e0-45a9-4f84-868c-dee5130c4b19', 
'Name', 
'name', 
30, 
200, 
'', 
false);
CREATE TABLE "functionfiddler$substringresult" (
	"id" BIGINT NOT NULL,
	"substring" VARCHAR_IGNORECASE(200) NULL,
	"error" BOOLEAN NULL,
	"string" VARCHAR_IGNORECASE(200) NULL,
	"param3" INT NULL,
	"errormessage" VARCHAR_IGNORECASE(200) NULL,
	"param2" INT NULL,
	PRIMARY KEY("id"));
INSERT INTO "mendixsystem$entity" ("id", 
"entity_name", 
"table_name")
 VALUES ('6cc024dc-6aef-4458-a99c-6d4d66147651', 
'FunctionFiddler.SubStringResult', 
'functionfiddler$substringresult');
INSERT INTO "mendixsystem$attribute" ("id", 
"entity_id", 
"attribute_name", 
"column_name", 
"type", 
"length", 
"default_value", 
"is_auto_number")
 VALUES ('b100aad0-c04f-4530-9bd9-fc739360b576', 
'6cc024dc-6aef-4458-a99c-6d4d66147651', 
'Substring', 
'substring', 
30, 
200, 
'', 
false);
INSERT INTO "mendixsystem$attribute" ("id", 
"entity_id", 
"attribute_name", 
"column_name", 
"type", 
"length", 
"default_value", 
"is_auto_number")
 VALUES ('47fdb5a1-5bc0-4b5b-a424-caa4764384ab', 
'6cc024dc-6aef-4458-a99c-6d4d66147651', 
'Error', 
'error', 
10, 
0, 
'false', 
false);
INSERT INTO "mendixsystem$attribute" ("id", 
"entity_id", 
"attribute_name", 
"column_name", 
"type", 
"length", 
"default_value", 
"is_auto_number")
 VALUES ('eb2ed44d-8302-4101-86a4-62fc3c2898a2', 
'6cc024dc-6aef-4458-a99c-6d4d66147651', 
'String', 
'string', 
30, 
200, 
'', 
false);
INSERT INTO "mendixsystem$attribute" ("id", 
"entity_id", 
"attribute_name", 
"column_name", 
"type", 
"length", 
"default_value", 
"is_auto_number")
 VALUES ('3d4c2868-4298-4d8d-80eb-4c187f059bd2', 
'6cc024dc-6aef-4458-a99c-6d4d66147651', 
'param3', 
'param3', 
3, 
0, 
'0', 
false);
INSERT INTO "mendixsystem$attribute" ("id", 
"entity_id", 
"attribute_name", 
"column_name", 
"type", 
"length", 
"default_value", 
"is_auto_number")
 VALUES ('fa3f26c3-5fc2-489c-862d-d4b744a7cf6c', 
'6cc024dc-6aef-4458-a99c-6d4d66147651', 
'ErrorMessage', 
'errormessage', 
30, 
200, 
'', 
false);
INSERT INTO "mendixsystem$attribute" ("id", 
"entity_id", 
"attribute_name", 
"column_name", 
"type", 
"length", 
"default_value", 
"is_auto_number")
 VALUES ('74c00dd0-8a6b-48c6-bded-135dd42cae69', 
'6cc024dc-6aef-4458-a99c-6d4d66147651', 
'param2', 
'param2', 
3, 
0, 
'0', 
false);
CREATE TABLE "forumquestions$tire" (
	"id" BIGINT NOT NULL,
	"attribute" BIGINT NULL,
	PRIMARY KEY("id"));
CREATE SEQUENCE "forumquestions$tire_attribute_mxseq" AS BIGINT START WITH 1;
INSERT INTO "mendixsystem$entity" ("id", 
"entity_name", 
"table_name")
 VALUES ('d10dbc32-c1a5-4beb-9f1d-cbc907943c9c', 
'ForumQuestions.Tire', 
'forumquestions$tire');
INSERT INTO "mendixsystem$attribute" ("id", 
"entity_id", 
"attribute_name", 
"column_name", 
"type", 
"length", 
"default_value", 
"is_auto_number")
 VALUES ('38fe01ee-17f6-456a-9ec6-5ef7ca514cd9', 
'd10dbc32-c1a5-4beb-9f1d-cbc907943c9c', 
'Attribute', 
'attribute', 
0, 
0, 
'1', 
true);
INSERT INTO "mendixsystem$sequence" ("attribute_id", 
"name", 
"start_value", 
"current_value")
 VALUES ('38fe01ee-17f6-456a-9ec6-5ef7ca514cd9', 
'forumquestions$tire_attribute_mxseq', 
1, 
0);
CREATE TABLE "forumquestions$truck_tire02" (
	"forumquestions$tireid" BIGINT NOT NULL,
	"forumquestions$truckid" BIGINT NOT NULL,
	PRIMARY KEY("forumquestions$tireid","forumquestions$truckid"),
	CONSTRAINT "uniq_forumquestions$truck_tire02_forumquestions$truckid" UNIQUE ("forumquestions$truckid"),
	CONSTRAINT "uniq_forumquestions$truck_tire02_forumquestions$tireid" UNIQUE ("forumquestions$tireid"));
CREATE INDEX "idx_forumquestions$truck_tire02_forumquestions$truck_forumquestions$tire" ON "forumquestions$truck_tire02" ("forumquestions$truckid" ASC,"forumquestions$tireid" ASC);
INSERT INTO "mendixsystem$association" ("id", 
"association_name", 
"table_name", 
"parent_entity_id", 
"child_entity_id", 
"parent_column_name", 
"child_column_name", 
"index_name")
 VALUES ('cf5f74f2-8046-4108-b624-89c95b8b51e9', 
'ForumQuestions.Truck_Tire02', 
'forumquestions$truck_tire02', 
'd10dbc32-c1a5-4beb-9f1d-cbc907943c9c', 
'228ce25f-c2b8-4214-97ec-72faebf97f33', 
'forumquestions$tireid', 
'forumquestions$truckid', 
'idx_forumquestions$truck_tire02_forumquestions$truck_forumquestions$tire');
INSERT INTO "mendixsystem$unique_constraint" ("name", 
"table_id", 
"column_id")
 VALUES ('uniq_forumquestions$truck_tire02_forumquestions$truckid', 
'cf5f74f2-8046-4108-b624-89c95b8b51e9', 
'982b0816-9243-33db-a74e-21b42601109d');
INSERT INTO "mendixsystem$unique_constraint" ("name", 
"table_id", 
"column_id")
 VALUES ('uniq_forumquestions$truck_tire02_forumquestions$tireid', 
'cf5f74f2-8046-4108-b624-89c95b8b51e9', 
'9b29c7dc-4f0f-3929-b5bb-fe2c88e624db');
CREATE TABLE "forumquestions$truck_tire01" (
	"forumquestions$tireid" BIGINT NOT NULL,
	"forumquestions$truckid" BIGINT NOT NULL,
	PRIMARY KEY("forumquestions$tireid","forumquestions$truckid"),
	CONSTRAINT "uniq_forumquestions$truck_tire01_forumquestions$truckid" UNIQUE ("forumquestions$truckid"),
	CONSTRAINT "uniq_forumquestions$truck_tire01_forumquestions$tireid" UNIQUE ("forumquestions$tireid"));
CREATE INDEX "idx_forumquestions$truck_tire01_forumquestions$truck_forumquestions$tire" ON "forumquestions$truck_tire01" ("forumquestions$truckid" ASC,"forumquestions$tireid" ASC);
INSERT INTO "mendixsystem$association" ("id", 
"association_name", 
"table_name", 
"parent_entity_id", 
"child_entity_id", 
"parent_column_name", 
"child_column_name", 
"index_name")
 VALUES ('d08b4777-d95c-4893-b722-470d3b0083ad', 
'ForumQuestions.Truck_Tire01', 
'forumquestions$truck_tire01', 
'd10dbc32-c1a5-4beb-9f1d-cbc907943c9c', 
'228ce25f-c2b8-4214-97ec-72faebf97f33', 
'forumquestions$tireid', 
'forumquestions$truckid', 
'idx_forumquestions$truck_tire01_forumquestions$truck_forumquestions$tire');
INSERT INTO "mendixsystem$unique_constraint" ("name", 
"table_id", 
"column_id")
 VALUES ('uniq_forumquestions$truck_tire01_forumquestions$truckid', 
'd08b4777-d95c-4893-b722-470d3b0083ad', 
'b2957ee3-d71b-3c9d-9cb4-593702aef022');
INSERT INTO "mendixsystem$unique_constraint" ("name", 
"table_id", 
"column_id")
 VALUES ('uniq_forumquestions$truck_tire01_forumquestions$tireid', 
'd08b4777-d95c-4893-b722-470d3b0083ad', 
'1672fb77-a3b0-3127-8189-7bf5c846a8cd');
CREATE TABLE "speechfunctions$speech" (
	"id" BIGINT NOT NULL,
	"text" VARCHAR_IGNORECASE(200) NULL,
	PRIMARY KEY("id"));
INSERT INTO "mendixsystem$entity" ("id", 
"entity_name", 
"table_name")
 VALUES ('a87dee16-7cb5-4452-a501-57f1793c25ee', 
'SpeechFunctions.Speech', 
'speechfunctions$speech');
INSERT INTO "mendixsystem$attribute" ("id", 
"entity_id", 
"attribute_name", 
"column_name", 
"type", 
"length", 
"default_value", 
"is_auto_number")
 VALUES ('a847c4e2-054c-4b67-a922-ff439d24164f', 
'a87dee16-7cb5-4452-a501-57f1793c25ee', 
'Text', 
'text', 
30, 
200, 
'', 
false);
CREATE TABLE "functionfiddler$parsedatetimeparam2" (
	"id" BIGINT NOT NULL,
	"matchesthisstring" VARCHAR_IGNORECASE(200) NULL,
	PRIMARY KEY("id"));
INSERT INTO "mendixsystem$entity" ("id", 
"entity_name", 
"table_name")
 VALUES ('9b34acc1-f4d9-4dc7-b608-7fc41c9499a2', 
'FunctionFiddler.ParseDateTimeParam2', 
'functionfiddler$parsedatetimeparam2');
INSERT INTO "mendixsystem$attribute" ("id", 
"entity_id", 
"attribute_name", 
"column_name", 
"type", 
"length", 
"default_value", 
"is_auto_number")
 VALUES ('ad8f7ed4-ee12-4aaf-848d-4e635268e907', 
'9b34acc1-f4d9-4dc7-b608-7fc41c9499a2', 
'MatchesThisString', 
'matchesthisstring', 
30, 
200, 
'', 
false);
CREATE TABLE "functionfiddler$parsedatetimeparam1" (
	"id" BIGINT NOT NULL,
	"datetimestring" VARCHAR_IGNORECASE(200) NULL,
	PRIMARY KEY("id"));
INSERT INTO "mendixsystem$entity" ("id", 
"entity_name", 
"table_name")
 VALUES ('38aa7bed-1780-4161-9a0a-5e91d8ee51d0', 
'FunctionFiddler.ParseDateTimeParam1', 
'functionfiddler$parsedatetimeparam1');
INSERT INTO "mendixsystem$attribute" ("id", 
"entity_id", 
"attribute_name", 
"column_name", 
"type", 
"length", 
"default_value", 
"is_auto_number")
 VALUES ('21a0dabe-e72e-4744-af96-f33634eac334', 
'38aa7bed-1780-4161-9a0a-5e91d8ee51d0', 
'DateTimeString', 
'datetimestring', 
30, 
200, 
'', 
false);
CREATE TABLE "functionfiddler$substringparam2" (
	"id" BIGINT NOT NULL,
	"integer" INT NULL,
	PRIMARY KEY("id"));
INSERT INTO "mendixsystem$entity" ("id", 
"entity_name", 
"table_name")
 VALUES ('52c90643-018b-4f10-8dd3-892d9e0924dd', 
'FunctionFiddler.SubstringParam2', 
'functionfiddler$substringparam2');
INSERT INTO "mendixsystem$attribute" ("id", 
"entity_id", 
"attribute_name", 
"column_name", 
"type", 
"length", 
"default_value", 
"is_auto_number")
 VALUES ('c00b5878-7e47-4cfe-8829-7c3af2999aec', 
'52c90643-018b-4f10-8dd3-892d9e0924dd', 
'Integer', 
'integer', 
3, 
0, 
'0', 
false);
CREATE TABLE "functionfiddler$parseintegerresult" (
	"id" BIGINT NOT NULL,
	"error" BOOLEAN NULL,
	"inputstring" VARCHAR_IGNORECASE(200) NULL,
	"errormessage" VARCHAR_IGNORECASE(200) NULL,
	"result" INT NULL,
	PRIMARY KEY("id"));
INSERT INTO "mendixsystem$entity" ("id", 
"entity_name", 
"table_name")
 VALUES ('414d73f7-1e64-48dc-82e2-70b3cd8efaad', 
'FunctionFiddler.ParseIntegerResult', 
'functionfiddler$parseintegerresult');
INSERT INTO "mendixsystem$attribute" ("id", 
"entity_id", 
"attribute_name", 
"column_name", 
"type", 
"length", 
"default_value", 
"is_auto_number")
 VALUES ('4e50499b-ef89-4dd8-8b56-9f5e8d75073c', 
'414d73f7-1e64-48dc-82e2-70b3cd8efaad', 
'Error', 
'error', 
10, 
0, 
'false', 
false);
INSERT INTO "mendixsystem$attribute" ("id", 
"entity_id", 
"attribute_name", 
"column_name", 
"type", 
"length", 
"default_value", 
"is_auto_number")
 VALUES ('5af25353-cd44-423d-b995-b944dc2fc86f', 
'414d73f7-1e64-48dc-82e2-70b3cd8efaad', 
'Inputstring', 
'inputstring', 
30, 
200, 
'', 
false);
INSERT INTO "mendixsystem$attribute" ("id", 
"entity_id", 
"attribute_name", 
"column_name", 
"type", 
"length", 
"default_value", 
"is_auto_number")
 VALUES ('cb072757-230a-467b-ab08-7b802ed111f7', 
'414d73f7-1e64-48dc-82e2-70b3cd8efaad', 
'ErrorMessage', 
'errormessage', 
30, 
200, 
'', 
false);
INSERT INTO "mendixsystem$attribute" ("id", 
"entity_id", 
"attribute_name", 
"column_name", 
"type", 
"length", 
"default_value", 
"is_auto_number")
 VALUES ('838b3b81-da25-46fd-99af-c4ac0103bd12', 
'414d73f7-1e64-48dc-82e2-70b3cd8efaad', 
'Result', 
'result', 
3, 
0, 
'0', 
false);
CREATE TABLE "functionfiddler$substringparam3" (
	"id" BIGINT NOT NULL,
	"integer" INT NULL,
	PRIMARY KEY("id"));
INSERT INTO "mendixsystem$entity" ("id", 
"entity_name", 
"table_name")
 VALUES ('0a889f31-328c-4369-bb66-4d135314a39b', 
'FunctionFiddler.SubstringParam3', 
'functionfiddler$substringparam3');
INSERT INTO "mendixsystem$attribute" ("id", 
"entity_id", 
"attribute_name", 
"column_name", 
"type", 
"length", 
"default_value", 
"is_auto_number")
 VALUES ('909c55d9-5ca5-4af5-9f5f-4ed2d0f5a417', 
'0a889f31-328c-4369-bb66-4d135314a39b', 
'Integer', 
'integer', 
3, 
0, 
'0', 
false);
CREATE TABLE "functionfiddler$parseintegerparam1" (
	"id" BIGINT NOT NULL,
	"integer" VARCHAR_IGNORECASE(200) NULL,
	PRIMARY KEY("id"));
INSERT INTO "mendixsystem$entity" ("id", 
"entity_name", 
"table_name")
 VALUES ('6929527e-bd46-40d3-9496-bfd06049826f', 
'FunctionFiddler.ParseIntegerParam1', 
'functionfiddler$parseintegerparam1');
INSERT INTO "mendixsystem$attribute" ("id", 
"entity_id", 
"attribute_name", 
"column_name", 
"type", 
"length", 
"default_value", 
"is_auto_number")
 VALUES ('7cecd7b0-84df-4c13-ae99-b6d269c17cbe', 
'6929527e-bd46-40d3-9496-bfd06049826f', 
'Integer', 
'integer', 
30, 
200, 
'', 
false);
CREATE TABLE "functionfiddler$substringparam1" (
	"id" BIGINT NOT NULL,
	"string" VARCHAR_IGNORECASE(200) NULL,
	PRIMARY KEY("id"));
INSERT INTO "mendixsystem$entity" ("id", 
"entity_name", 
"table_name")
 VALUES ('c7e5d402-3f0a-45b5-8de8-216833435ba7', 
'FunctionFiddler.SubstringParam1', 
'functionfiddler$substringparam1');
INSERT INTO "mendixsystem$attribute" ("id", 
"entity_id", 
"attribute_name", 
"column_name", 
"type", 
"length", 
"default_value", 
"is_auto_number")
 VALUES ('45773679-6ed5-4608-ad92-918bd4e9f012', 
'c7e5d402-3f0a-45b5-8de8-216833435ba7', 
'String', 
'string', 
30, 
200, 
'', 
false);
CREATE TABLE "forumquestions$address" (
	"id" BIGINT NOT NULL,
	"street" VARCHAR_IGNORECASE(200) NULL,
	PRIMARY KEY("id"));
INSERT INTO "mendixsystem$entity" ("id", 
"entity_name", 
"table_name")
 VALUES ('33f754cc-b3bb-4886-a54a-a22c0772eff9', 
'ForumQuestions.Address', 
'forumquestions$address');
INSERT INTO "mendixsystem$attribute" ("id", 
"entity_id", 
"attribute_name", 
"column_name", 
"type", 
"length", 
"default_value", 
"is_auto_number")
 VALUES ('d06393c8-b73d-439a-b898-f317e0c411e0', 
'33f754cc-b3bb-4886-a54a-a22c0772eff9', 
'Street', 
'street', 
30, 
200, 
'', 
false);
CREATE TABLE "forumquestions$address_organization" (
	"forumquestions$addressid" BIGINT NOT NULL,
	"forumquestions$organizationid" BIGINT NOT NULL,
	PRIMARY KEY("forumquestions$addressid","forumquestions$organizationid"));
CREATE INDEX "idx_forumquestions$address_organization_forumquestions$organization_forumquestions$address" ON "forumquestions$address_organization" ("forumquestions$organizationid" ASC,"forumquestions$addressid" ASC);
INSERT INTO "mendixsystem$association" ("id", 
"association_name", 
"table_name", 
"parent_entity_id", 
"child_entity_id", 
"parent_column_name", 
"child_column_name", 
"index_name")
 VALUES ('41b9a3d5-8c6f-4000-9a61-5bd7dc2f9489', 
'ForumQuestions.Address_Organization', 
'forumquestions$address_organization', 
'33f754cc-b3bb-4886-a54a-a22c0772eff9', 
'457245e0-45a9-4f84-868c-dee5130c4b19', 
'forumquestions$addressid', 
'forumquestions$organizationid', 
'idx_forumquestions$address_organization_forumquestions$organization_forumquestions$address');
CREATE TABLE "reactwidget$thing" (
	"id" BIGINT NOT NULL,
	"name" VARCHAR_IGNORECASE(200) NULL,
	PRIMARY KEY("id"));
INSERT INTO "mendixsystem$entity" ("id", 
"entity_name", 
"table_name")
 VALUES ('48353dda-b425-4ed5-a633-db9192ab621a', 
'ReactWidget.Thing', 
'reactwidget$thing');
INSERT INTO "mendixsystem$attribute" ("id", 
"entity_id", 
"attribute_name", 
"column_name", 
"type", 
"length", 
"default_value", 
"is_auto_number")
 VALUES ('263ab51a-a7f6-4bb7-80f2-aac016c45302', 
'48353dda-b425-4ed5-a633-db9192ab621a', 
'Name', 
'name', 
30, 
200, 
'', 
false);
CREATE TABLE "functionfiddler$formatdatetimeparam2" (
	"id" BIGINT NOT NULL,
	"formatstring" VARCHAR_IGNORECASE(200) NULL,
	PRIMARY KEY("id"));
INSERT INTO "mendixsystem$entity" ("id", 
"entity_name", 
"table_name")
 VALUES ('72c33454-aef5-4655-9f4d-78bb19bfadf6', 
'FunctionFiddler.FormatDateTimeParam2', 
'functionfiddler$formatdatetimeparam2');
INSERT INTO "mendixsystem$attribute" ("id", 
"entity_id", 
"attribute_name", 
"column_name", 
"type", 
"length", 
"default_value", 
"is_auto_number")
 VALUES ('621cc9dc-fad8-4451-bc0b-667f7e03fc96', 
'72c33454-aef5-4655-9f4d-78bb19bfadf6', 
'FormatString', 
'formatstring', 
30, 
200, 
'', 
false);
CREATE TABLE "functionfiddler$formatdatetimeparam1" (
	"id" BIGINT NOT NULL,
	"datetime" TIMESTAMP NULL,
	PRIMARY KEY("id"));
INSERT INTO "mendixsystem$entity" ("id", 
"entity_name", 
"table_name")
 VALUES ('4b43b280-a295-46ee-9853-3fb60ed9e667', 
'FunctionFiddler.FormatDateTimeParam1', 
'functionfiddler$formatdatetimeparam1');
INSERT INTO "mendixsystem$attribute" ("id", 
"entity_id", 
"attribute_name", 
"column_name", 
"type", 
"length", 
"default_value", 
"is_auto_number")
 VALUES ('c724f1ef-77ce-47a3-9e31-7776b74b52b3', 
'4b43b280-a295-46ee-9853-3fb60ed9e667', 
'DateTime', 
'datetime', 
20, 
0, 
'', 
false);
DELETE FROM "system$filedocument" 
 WHERE "id" IN (SELECT "id"
 FROM "49bc6f5451754b37b432a544df6eb4a7");
DROP TABLE "fac82328ac8d423d8ed88989bbaddd7b";
DROP TABLE "fea85c4820ef4bbda1e18ce886d04ac7";
DROP TABLE "49bc6f5451754b37b432a544df6eb4a7";
DROP TABLE "d2838b7421bd4a71b22d695b824c1578";
DROP TABLE "7dcbb92b1fdc40fb9f963c01b8242b15";
DROP TABLE "d096afec8c364d4eb1d78c1f18a54992";
DROP TABLE "307199801f6a42228b6b2510a73ad31a";
DROP TABLE "86e724d4105d4954a62e7ca5d1d32f18";
DROP TABLE "171514bec8c44a939f7b87f9751dde8e";
DROP TABLE "c57e5701483345039ded0ad461049858";
DROP TABLE "0420ca1fd9d44478aade2abdbe891640";
DROP TABLE "a136ae3b0bf94afc96e5ad8a1482fc4a";
DROP TABLE "dc5979d4b0224eb689c8b38a5382e3e6";
DROP TABLE "68d3ffbb6e9e4bedb6b45f2f4de60f01";
DROP TABLE "578d31368911478a8fad0d0289df1400";
DROP TABLE "f95f56aa334343aea43374e1ba7fa901";
DROP TABLE "d1acfcf3d1db4665af15cdf2701e883e";
DROP TABLE "90c1f197142f458da7bff81d8cd2fc84";
DROP TABLE "6e0244d92cad4369a8dba7843e353a6e";
DROP TABLE "c5810ef08311499896b29c5359dc2066";
DROP TABLE "2a2e82105f6c411f9a7fde8698b0114b";
DROP TABLE "1e2818f7c5d24333ae59766b7fa14ecc";
DROP TABLE "aeadf91c39364362878f8914cb076794";
DROP TABLE "a19eabfbc5b04094be5537c796ba0ea0";
DROP TABLE "ded7496eaed4483383e7cd820717a361";
DROP TABLE "ab22f2b5ac3f41799964166e1664d1e5";
DROP TABLE "00854fe83fa745119ed07d970022af9f";
UPDATE "mendixsystem$version"
 SET "versionnumber" = '4.2', 
"lastsyncdate" = '20190521 14:08:35';
